{"totalEth":30303.030303030297,"totalAtt":20000000.000000007}